{
  "type": "vstack",
  "neverRecomputeExistingPartitions": false,
  "optionalDependencies": false,
  "customMeta": {
    "kv": {}
  },
  "redispatchPartitioning": false,
  "maxRunningActivities": 0,
  "inputs": {
    "main": {
      "items": [
        {
          "ref": "kitploit_and_n0where_analysed",
          "deps": []
        },
        {
          "ref": "packetstorm_tools_prepared",
          "deps": []
        },
        {
          "ref": "toolswatchorg_prepared",
          "deps": []
        }
      ]
    }
  },
  "outputs": {
    "main": {
      "items": [
        {
          "ref": "kitploit_n0where_packetstorm_toolswatchorg_stacked",
          "appendMode": false
        }
      ]
    }
  },
  "versionTag": {
    "versionNumber": 5,
    "lastModifiedBy": {
      "login": "admin"
    },
    "lastModifiedOn": 1554639358503
  },
  "creationTag": {
    "versionNumber": 0,
    "lastModifiedBy": {
      "login": "admin"
    },
    "lastModifiedOn": 1554639024831
  },
  "tags": [],
  "customFields": {},
  "checklists": {
    "checklists": []
  }
}