{
  "type": "python",
  "neverRecomputeExistingPartitions": false,
  "optionalDependencies": false,
  "params": {
    "envSelection": {
      "envMode": "EXPLICIT_ENV",
      "envName": "adecadeofinfosectools"
    },
    "containerSelection": {
      "containerMode": "INHERIT"
    },
    "skipPrerunValidate": false
  },
  "customMeta": {
    "kv": {}
  },
  "redispatchPartitioning": false,
  "maxRunningActivities": 0,
  "inputs": {
    "main": {
      "items": [
        {
          "ref": "kitploit_n0where_packetstorm_toolswatchorg_focus_github_distinct",
          "deps": []
        }
      ]
    }
  },
  "outputs": {
    "main": {
      "items": [
        {
          "ref": "kitploit_n0where_packetstorm_toolswatchorg_focus_github_enriched",
          "appendMode": false
        }
      ]
    }
  },
  "versionTag": {
    "versionNumber": 245,
    "lastModifiedBy": {
      "login": "admin"
    },
    "lastModifiedOn": 1556480339983
  },
  "creationTag": {
    "versionNumber": 0,
    "lastModifiedBy": {
      "login": "admin"
    },
    "lastModifiedOn": 1556445763886
  },
  "tags": [],
  "customFields": {},
  "checklists": {
    "checklists": []
  }
}