{
  "type": "python",
  "neverRecomputeExistingPartitions": false,
  "optionalDependencies": false,
  "params": {
    "envSelection": {
      "envMode": "EXPLICIT_ENV",
      "envName": "adecadeofinfosectools"
    },
    "containerSelection": {
      "containerMode": "INHERIT"
    },
    "skipPrerunValidate": false
  },
  "customMeta": {
    "kv": {}
  },
  "redispatchPartitioning": false,
  "maxRunningActivities": 0,
  "inputs": {},
  "outputs": {
    "main": {
      "items": [
        {
          "ref": "blackhat_arsenal",
          "appendMode": false
        }
      ]
    }
  },
  "versionTag": {
    "versionNumber": 126,
    "lastModifiedBy": {
      "login": "admin"
    },
    "lastModifiedOn": 1554638801118
  },
  "creationTag": {
    "versionNumber": 0,
    "lastModifiedBy": {
      "login": "admin"
    },
    "lastModifiedOn": 1554630951199
  },
  "tags": [],
  "customFields": {},
  "checklists": {
    "checklists": []
  }
}