{
  "type": "distinct",
  "neverRecomputeExistingPartitions": false,
  "optionalDependencies": false,
  "customMeta": {
    "kv": {}
  },
  "redispatchPartitioning": false,
  "maxRunningActivities": 0,
  "inputs": {
    "main": {
      "items": [
        {
          "ref": "kitploit_n0where_packetstorm_toolswatchorg_focus_github",
          "deps": []
        }
      ]
    }
  },
  "outputs": {
    "main": {
      "items": [
        {
          "ref": "kitploit_n0where_packetstorm_toolswatchorg_focus_github_distinct",
          "appendMode": false
        }
      ]
    }
  },
  "versionTag": {
    "versionNumber": 11,
    "lastModifiedBy": {
      "login": "admin"
    },
    "lastModifiedOn": 1556476466884
  },
  "creationTag": {
    "versionNumber": 0,
    "lastModifiedBy": {
      "login": "admin"
    },
    "lastModifiedOn": 1556444267501
  },
  "tags": [
    "github_focus"
  ],
  "customFields": {},
  "checklists": {
    "checklists": []
  }
}